num_clients,avg-test-accuracy
3,0.3904365691903955
5,0.4881051493161399
7,0.6299509152423332
10,0.7517079945199907
