num_clients,avg-test-accuracy
3,0.204365691903955
5,0.68838763519184614
7,0.8295462191627866
10,0.951707592700525
